Id,task_1,task_2
./data/test\nevus\ISIC_0015990.jpg,0.24104668,0.21935491
./data/test\nevus\ISIC_0012216.jpg,0.24120963,0.21981424
./data/test\nevus\ISIC_0014952.jpg,0.23831753,0.2128709
./data/test\nevus\ISIC_0016040.jpg,0.24150352,0.22055222
./data/test\nevus\ISIC_0014867.jpg,0.24151546,0.22065671
./data/test\seborrheic_keratosis\ISIC_0014278.jpg,0.24050498,0.21804516
./data/test\nevus\ISIC_0015988.jpg,0.24119037,0.21989948
./data/test\seborrheic_keratosis\ISIC_0012330.jpg,0.24043667,0.21920972
./data/test\nevus\ISIC_0015995.jpg,0.24127284,0.2200609
./data/test\nevus\ISIC_0013897.jpg,0.24119157,0.21873894
./data/test\nevus\ISIC_0015270.jpg,0.24937657,0.1807176
./data/test\nevus\ISIC_0015954.jpg,0.24009882,0.21663664
./data/test\nevus\ISIC_0014697.jpg,0.24124084,0.21991277
./data/test\nevus\ISIC_0015160.jpg,0.23982999,0.21621977
./data/test\melanoma\ISIC_0014110.jpg,0.2409287,0.2191158
./data/test\nevus\ISIC_0016014.jpg,0.2405005,0.21775739
./data/test\nevus\ISIC_0016043.jpg,0.24097458,0.21911462
./data/test\melanoma\ISIC_0014790.jpg,0.23962352,0.21736497
./data/test\nevus\ISIC_0014773.jpg,0.24134453,0.22015579
./data/test\nevus\ISIC_0015544.jpg,0.2419458,0.22120813
./data/test\seborrheic_keratosis\ISIC_0012314.jpg,0.24198401,0.2214918
./data/test\nevus\ISIC_0016041.jpg,0.24118356,0.21950237
./data/test\nevus\ISIC_0015412.jpg,0.24039967,0.21767682
./data/test\nevus\ISIC_0014807.jpg,0.24043486,0.2177435
./data/test\nevus\ISIC_0016037.jpg,0.2409014,0.21885383
./data/test\nevus\ISIC_0014768.jpg,0.24171829,0.22113334
./data/test\nevus\ISIC_0015216.jpg,0.24211648,0.20703194
./data/test\nevus\ISIC_0016057.jpg,0.24142726,0.22004882
./data/test\nevus\ISIC_0016002.jpg,0.24129903,0.22002399
./data/test\seborrheic_keratosis\ISIC_0014645.jpg,0.24149512,0.22039959
./data/test\nevus\ISIC_0015417.jpg,0.24148028,0.22053309
./data/test\nevus\ISIC_0016061.jpg,0.24114364,0.21963552
./data/test\nevus\ISIC_0015559.jpg,0.241177,0.219247
./data/test\melanoma\ISIC_0013414.jpg,0.2410664,0.21943943
./data/test\nevus\ISIC_0012654.jpg,0.2419237,0.22132006
./data/test\seborrheic_keratosis\ISIC_0014575.jpg,0.24134706,0.21994564
./data/test\melanoma\ISIC_0014928.jpg,0.24157082,0.22082616
./data/test\nevus\ISIC_0015357.jpg,0.24102418,0.21950926
./data/test\nevus\ISIC_0014835.jpg,0.24301821,0.2122893
./data/test\melanoma\ISIC_0012356.jpg,0.24143939,0.22063974
./data/test\nevus\ISIC_0015403.jpg,0.24170017,0.22108392
./data/test\nevus\ISIC_0015255.jpg,0.23971108,0.21573138
./data/test\nevus\ISIC_0015283.jpg,0.23961411,0.21538462
./data/test\nevus\ISIC_0014787.jpg,0.24103284,0.2195506
./data/test\nevus\ISIC_0014992.jpg,0.24154873,0.22081947
./data/test\melanoma\ISIC_0014181.jpg,0.2404416,0.21858607
./data/test\nevus\ISIC_0015455.jpg,0.24035975,0.21763833
./data/test\melanoma\ISIC_0013073.jpg,0.24111456,0.21960245
./data/test\nevus\ISIC_0015983.jpg,0.24045368,0.21754731
./data/test\nevus\ISIC_0015464.jpg,0.24282248,0.20227455
./data/test\melanoma\ISIC_0013459.jpg,0.2405078,0.2181568
./data/test\nevus\ISIC_0014962.jpg,0.24102338,0.21981455
./data/test\melanoma\ISIC_0013577.jpg,0.24121326,0.22002095
./data/test\melanoma\ISIC_0015127.jpg,0.24159266,0.22087206
./data/test\nevus\ISIC_0015008.jpg,0.24159138,0.220857
./data/test\nevus\ISIC_0015938.jpg,0.24109975,0.21953887
./data/test\nevus\ISIC_0015060.jpg,0.24147822,0.22061211
./data/test\nevus\ISIC_0014746.jpg,0.24154662,0.22091737
./data/test\seborrheic_keratosis\ISIC_0012323.jpg,0.24078198,0.21865171
./data/test\nevus\ISIC_0016045.jpg,0.24119434,0.21963386
./data/test\nevus\ISIC_0016042.jpg,0.24097237,0.2191794
./data/test\melanoma\ISIC_0014336.jpg,0.24176332,0.22104555
./data/test\nevus\ISIC_0015118.jpg,0.24056432,0.21827114
./data/test\nevus\ISIC_0015395.jpg,0.24008746,0.21679938
./data/test\seborrheic_keratosis\ISIC_0013393.jpg,0.24193475,0.22111483
./data/test\nevus\ISIC_0015999.jpg,0.24164334,0.22085676
./data/test\nevus\ISIC_0015016.jpg,0.2415128,0.22073801
./data/test\seborrheic_keratosis\ISIC_0014386.jpg,0.24139935,0.22056028
./data/test\nevus\ISIC_0015958.jpg,0.2403625,0.21747783
./data/test\melanoma\ISIC_0013908.jpg,0.24150792,0.22050342
./data/test\nevus\ISIC_0014994.jpg,0.24169841,0.22105841
./data/test\nevus\ISIC_0014729.jpg,0.2403308,0.21716467
./data/test\melanoma\ISIC_0013833.jpg,0.2415023,0.22079371
./data/test\nevus\ISIC_0016036.jpg,0.24145748,0.22027299
./data/test\melanoma\ISIC_0014369.jpg,0.24145985,0.2205791
./data/test\nevus\ISIC_0014948.jpg,0.2401069,0.2167686
./data/test\nevus\ISIC_0015419.jpg,0.24021715,0.21598747
./data/test\seborrheic_keratosis\ISIC_0014567.jpg,0.24151328,0.22053173
./data/test\seborrheic_keratosis\ISIC_0012273.jpg,0.24156335,0.22028781
./data/test\seborrheic_keratosis\ISIC_0014588.jpg,0.24100123,0.21937454
./data/test\nevus\ISIC_0015982.jpg,0.24048513,0.21793248
./data/test\nevus\ISIC_0014853.jpg,0.23972209,0.21590266
./data/test\melanoma\ISIC_0013374.jpg,0.24035847,0.21753116
./data/test\seborrheic_keratosis\ISIC_0012522.jpg,0.24148832,0.2204407
./data/test\nevus\ISIC_0014910.jpg,0.24152872,0.2208166
./data/test\melanoma\ISIC_0014148.jpg,0.24069163,0.21912162
./data/test\melanoma\ISIC_0013767.jpg,0.24102132,0.2192581
./data/test\melanoma\ISIC_0014666.jpg,0.24077885,0.21888968
./data/test\melanoma\ISIC_0014434.jpg,0.24142891,0.22038749
./data/test\nevus\ISIC_0013164.jpg,0.24093501,0.21904343
./data/test\nevus\ISIC_0015980.jpg,0.24076946,0.21869458
./data/test\seborrheic_keratosis\ISIC_0014419.jpg,0.2416309,0.22069176
./data/test\seborrheic_keratosis\ISIC_0013764.jpg,0.23993942,0.21747358
./data/test\nevus\ISIC_0014868.jpg,0.24115516,0.21960686
./data/test\nevus\ISIC_0015974.jpg,0.23956123,0.21535748
./data/test\nevus\ISIC_0015237.jpg,0.24106887,0.21983476
./data/test\nevus\ISIC_0015992.jpg,0.240675,0.21841043
./data/test\melanoma\ISIC_0013455.jpg,0.24125439,0.22002628
./data/test\nevus\ISIC_0015009.jpg,0.24128464,0.22053172
./data/test\melanoma\ISIC_0014059.jpg,0.23957488,0.21483646
./data/test\melanoma\ISIC_0012989.jpg,0.240288,0.21714751
./data/test\nevus\ISIC_0015056.jpg,0.24170502,0.21522115
./data/test\nevus\ISIC_0015973.jpg,0.23981987,0.21621886
./data/test\nevus\ISIC_0015040.jpg,0.24163206,0.22102594
./data/test\melanoma\ISIC_0014548.jpg,0.24157412,0.22075725
./data/test\melanoma\ISIC_0013277.jpg,0.24162284,0.22066486
./data/test\nevus\ISIC_0015994.jpg,0.23992592,0.21695608
./data/test\nevus\ISIC_0015981.jpg,0.24081734,0.21873643
./data/test\seborrheic_keratosis\ISIC_0014474.jpg,0.24107563,0.21962488
./data/test\seborrheic_keratosis\ISIC_0013270.jpg,0.24096557,0.21936671
./data/test\nevus\ISIC_0015476.jpg,0.23893075,0.21441002
./data/test\nevus\ISIC_0015939.jpg,0.24094303,0.2190945
./data/test\nevus\ISIC_0015360.jpg,0.2384652,0.21244067
./data/test\nevus\ISIC_0014677.jpg,0.24167119,0.22105668
./data/test\seborrheic_keratosis\ISIC_0014647.jpg,0.24082965,0.21906103
./data/test\nevus\ISIC_0013191.jpg,0.24117751,0.21977127
./data/test\nevus\ISIC_0015940.jpg,0.24067408,0.21842797
./data/test\nevus\ISIC_0015993.jpg,0.24094616,0.2190719
./data/test\nevus\ISIC_0015258.jpg,0.23941003,0.21458375
./data/test\nevus\ISIC_0016030.jpg,0.24086367,0.21877559
./data/test\nevus\ISIC_0012095.jpg,0.24033676,0.21734825
./data/test\nevus\ISIC_0015510.jpg,0.24143076,0.22054319
./data/test\melanoma\ISIC_0014221.jpg,0.24128163,0.22001927
./data/test\melanoma\ISIC_0014883.jpg,0.23897731,0.21350609
./data/test\nevus\ISIC_0015944.jpg,0.24168232,0.22068568
./data/test\nevus\ISIC_0015946.jpg,0.24141455,0.22030422
./data/test\seborrheic_keratosis\ISIC_0012266.jpg,0.24092077,0.21890114
./data/test\seborrheic_keratosis\ISIC_0012548.jpg,0.24010745,0.21684797
./data/test\seborrheic_keratosis\ISIC_0014634.jpg,0.24151717,0.22024022
./data/test\nevus\ISIC_0016029.jpg,0.2407475,0.21849142
./data/test\nevus\ISIC_0014959.jpg,0.2413606,0.22035454
./data/test\nevus\ISIC_0014966.jpg,0.24160685,0.22093844
./data/test\seborrheic_keratosis\ISIC_0012955.jpg,0.24050562,0.21807651
./data/test\nevus\ISIC_0015250.jpg,0.24116267,0.21967806
./data/test\nevus\ISIC_0012836.jpg,0.24140039,0.22061853
./data/test\seborrheic_keratosis\ISIC_0013170.jpg,0.24086967,0.21894272
./data/test\nevus\ISIC_0015125.jpg,0.23887685,0.21319473
./data/test\nevus\ISIC_0015002.jpg,0.24154308,0.22080998
./data/test\nevus\ISIC_0014969.jpg,0.24062619,0.21831252
./data/test\seborrheic_keratosis\ISIC_0012223.jpg,0.24152656,0.22055374
./data/test\nevus\ISIC_0014693.jpg,0.24154074,0.22083464
./data/test\nevus\ISIC_0016065.jpg,0.24165024,0.22074069
./data/test\melanoma\ISIC_0015004.jpg,0.2411611,0.219484
./data/test\nevus\ISIC_0015011.jpg,0.24153794,0.22061723
./data/test\seborrheic_keratosis\ISIC_0012265.jpg,0.2410867,0.2198097
./data/test\seborrheic_keratosis\ISIC_0014652.jpg,0.24073648,0.21884769
./data/test\melanoma\ISIC_0014872.jpg,0.24134113,0.22004534
./data/test\nevus\ISIC_0015936.jpg,0.2416833,0.22093783
./data/test\nevus\ISIC_0015962.jpg,0.2401889,0.21694869
./data/test\nevus\ISIC_0013602.jpg,0.24009714,0.21671996
./data/test\melanoma\ISIC_0014077.jpg,0.24095409,0.21951509
./data/test\nevus\ISIC_0015051.jpg,0.24148457,0.2207512
./data/test\nevus\ISIC_0016015.jpg,0.24078488,0.21869013
./data/test\nevus\ISIC_0014961.jpg,0.23993815,0.21624216
./data/test\melanoma\ISIC_0015142.jpg,0.24765348,0.17269541
./data/test\nevus\ISIC_0015641.jpg,0.23994552,0.2158103
./data/test\nevus\ISIC_0015603.jpg,0.24167411,0.2211334
./data/test\melanoma\ISIC_0012258.jpg,0.24110527,0.219291
./data/test\nevus\ISIC_0014815.jpg,0.24161859,0.21497247
./data/test\melanoma\ISIC_0014513.jpg,0.24122189,0.21959731
./data/test\nevus\ISIC_0013998.jpg,0.24163325,0.22074969
./data/test\melanoma\ISIC_0015119.jpg,0.24052358,0.21839392
./data/test\nevus\ISIC_0015947.jpg,0.24125922,0.2196406
./data/test\melanoma\ISIC_0015156.jpg,0.24166511,0.22103885
./data/test\seborrheic_keratosis\ISIC_0014619.jpg,0.241521,0.22042207
./data/test\seborrheic_keratosis\ISIC_0012928.jpg,0.2407995,0.2188052
./data/test\seborrheic_keratosis\ISIC_0012510.jpg,0.24103047,0.21926384
./data/test\nevus\ISIC_0015411.jpg,0.24085706,0.21880858
./data/test\nevus\ISIC_0015959.jpg,0.24016887,0.21718594
./data/test\nevus\ISIC_0015563.jpg,0.2408424,0.21874633
./data/test\nevus\ISIC_0014907.jpg,0.2417667,0.22063604
./data/test\nevus\ISIC_0016023.jpg,0.2414451,0.22022636
./data/test\melanoma\ISIC_0013678.jpg,0.24185649,0.22118074
./data/test\nevus\ISIC_0014927.jpg,0.2398695,0.21543619
./data/test\seborrheic_keratosis\ISIC_0012848.jpg,0.23960157,0.21624948
./data/test\nevus\ISIC_0015015.jpg,0.2414948,0.22078627
./data/test\nevus\ISIC_0015468.jpg,0.24102037,0.21934451
./data/test\nevus\ISIC_0016012.jpg,0.2416026,0.2207887
./data/test\nevus\ISIC_0016055.jpg,0.24010092,0.21703371
./data/test\nevus\ISIC_0012903.jpg,0.239646,0.21555626
./data/test\nevus\ISIC_0015636.jpg,0.2420172,0.22077921
./data/test\seborrheic_keratosis\ISIC_0014586.jpg,0.24156584,0.22050564
./data/test\nevus\ISIC_0016003.jpg,0.24116391,0.21987769
./data/test\nevus\ISIC_0015019.jpg,0.24014995,0.2169534
./data/test\seborrheic_keratosis\ISIC_0013465.jpg,0.2416664,0.2206016
./data/test\nevus\ISIC_0016058.jpg,0.24152336,0.22072183
./data/test\nevus\ISIC_0014798.jpg,0.24034841,0.2177354
./data/test\nevus\ISIC_0015485.jpg,0.23971431,0.21580374
./data/test\nevus\ISIC_0015078.jpg,0.2403748,0.21753389
./data/test\nevus\ISIC_0013109.jpg,0.24129586,0.22022924
./data/test\seborrheic_keratosis\ISIC_0013271.jpg,0.24141392,0.22047266
./data/test\nevus\ISIC_0014687.jpg,0.24029864,0.21703988
./data/test\nevus\ISIC_0015215.jpg,0.24034174,0.21744242
./data/test\melanoma\ISIC_0015193.jpg,0.24497977,0.19060597
./data/test\melanoma\ISIC_0013472.jpg,0.24121569,0.21989174
./data/test\melanoma\ISIC_0014559.jpg,0.24108604,0.21943963
./data/test\nevus\ISIC_0014955.jpg,0.24072798,0.2198544
./data/test\seborrheic_keratosis\ISIC_0014631.jpg,0.24159482,0.2207498
./data/test\nevus\ISIC_0015368.jpg,0.24146567,0.22053166
./data/test\nevus\ISIC_0015945.jpg,0.24138473,0.22034156
./data/test\nevus\ISIC_0014780.jpg,0.24062136,0.21812537
./data/test\seborrheic_keratosis\ISIC_0014648.jpg,0.24069326,0.21855135
./data/test\nevus\ISIC_0015355.jpg,0.23964185,0.21587968
./data/test\nevus\ISIC_0015404.jpg,0.23943861,0.21516672
./data/test\nevus\ISIC_0013794.jpg,0.24063025,0.21811028
./data/test\seborrheic_keratosis\ISIC_0013203.jpg,0.24073371,0.21886939
./data/test\nevus\ISIC_0015347.jpg,0.23890835,0.21334663
./data/test\nevus\ISIC_0015364.jpg,0.23994528,0.21638122
./data/test\nevus\ISIC_0015963.jpg,0.23981221,0.21591942
./data/test\nevus\ISIC_0015961.jpg,0.24048597,0.21811265
./data/test\nevus\ISIC_0014720.jpg,0.24154644,0.22083226
./data/test\melanoma\ISIC_0015185.jpg,0.24118713,0.22030608
./data/test\nevus\ISIC_0015037.jpg,0.24150132,0.22070856
./data/test\melanoma\ISIC_0014478.jpg,0.24156661,0.22083831
./data/test\nevus\ISIC_0015568.jpg,0.24022181,0.21742238
./data/test\nevus\ISIC_0015003.jpg,0.24120422,0.2199586
./data/test\melanoma\ISIC_0014423.jpg,0.24126844,0.21998858
./data/test\nevus\ISIC_0016062.jpg,0.24129899,0.21997117
./data/test\nevus\ISIC_0012551.jpg,0.24136423,0.21994078
./data/test\nevus\ISIC_0016052.jpg,0.24116464,0.21961163
./data/test\nevus\ISIC_0016008.jpg,0.24120718,0.21975261
./data/test\nevus\ISIC_0015949.jpg,0.24006112,0.21656501
./data/test\nevus\ISIC_0015956.jpg,0.23993526,0.21624711
./data/test\nevus\ISIC_0015276.jpg,0.24164355,0.22098975
./data/test\nevus\ISIC_0015218.jpg,0.24167085,0.22062226
./data/test\seborrheic_keratosis\ISIC_0014644.jpg,0.24095833,0.21926907
./data/test\nevus\ISIC_0016066.jpg,0.2416384,0.2208118
./data/test\nevus\ISIC_0015960.jpg,0.24026236,0.21731566
./data/test\nevus\ISIC_0012967.jpg,0.23909856,0.21387906
./data/test\nevus\ISIC_0015369.jpg,0.24181978,0.22122012
./data/test\melanoma\ISIC_0013072.jpg,0.24060482,0.2185301
./data/test\nevus\ISIC_0016026.jpg,0.24149962,0.220473
./data/test\nevus\ISIC_0014740.jpg,0.24132092,0.22000591
./data/test\seborrheic_keratosis\ISIC_0013085.jpg,0.24081989,0.21875687
./data/test\nevus\ISIC_0016064.jpg,0.2414471,0.22039706
./data/test\seborrheic_keratosis\ISIC_0014590.jpg,0.24141794,0.22018155
./data/test\nevus\ISIC_0016005.jpg,0.24089076,0.21897489
./data/test\nevus\ISIC_0015985.jpg,0.24101844,0.2193237
./data/test\nevus\ISIC_0013529.jpg,0.24177136,0.22112194
./data/test\nevus\ISIC_0015383.jpg,0.23978986,0.21613495
./data/test\nevus\ISIC_0014765.jpg,0.24156547,0.22078231
./data/test\melanoma\ISIC_0015115.jpg,0.24160264,0.22094822
./data/test\melanoma\ISIC_0015041.jpg,0.23935935,0.21566762
./data/test\melanoma\ISIC_0013565.jpg,0.24128523,0.22012125
./data/test\nevus\ISIC_0013511.jpg,0.24166913,0.22071464
./data/test\melanoma\ISIC_0014219.jpg,0.24061468,0.21836399
./data/test\melanoma\ISIC_0013766.jpg,0.24109912,0.21950676
./data/test\nevus\ISIC_0015226.jpg,0.24158742,0.22074597
./data/test\melanoma\ISIC_0014129.jpg,0.24132922,0.21975127
./data/test\nevus\ISIC_0014973.jpg,0.23990756,0.21623772
./data/test\melanoma\ISIC_0015071.jpg,0.2402773,0.21751307
./data/test\nevus\ISIC_0015157.jpg,0.2415161,0.22066411
./data/test\nevus\ISIC_0015273.jpg,0.2412328,0.2200497
./data/test\nevus\ISIC_0015953.jpg,0.24160257,0.2208198
./data/test\nevus\ISIC_0016028.jpg,0.24062698,0.21804856
./data/test\nevus\ISIC_0015436.jpg,0.2405074,0.21788801
./data/test\melanoma\ISIC_0014233.jpg,0.24143739,0.22043891
./data/test\melanoma\ISIC_0014288.jpg,0.24047253,0.2179681
./data/test\nevus\ISIC_0016011.jpg,0.24140422,0.22015458
./data/test\nevus\ISIC_0015150.jpg,0.24123548,0.22009763
./data/test\nevus\ISIC_0015202.jpg,0.23853384,0.21256538
./data/test\nevus\ISIC_0014879.jpg,0.2402592,0.21736382
./data/test\nevus\ISIC_0015224.jpg,0.24035367,0.21792492
./data/test\nevus\ISIC_0015171.jpg,0.24155343,0.22075668
./data/test\nevus\ISIC_0014117.jpg,0.24169771,0.22101787
./data/test\melanoma\ISIC_0013917.jpg,0.24118342,0.21971671
./data/test\nevus\ISIC_0015310.jpg,0.24202602,0.2110447
./data/test\nevus\ISIC_0015279.jpg,0.24172029,0.22119132
./data/test\seborrheic_keratosis\ISIC_0012207.jpg,0.2407586,0.2185429
./data/test\nevus\ISIC_0013911.jpg,0.24144018,0.22041039
./data/test\nevus\ISIC_0012484.jpg,0.24166387,0.221084
./data/test\nevus\ISIC_0013512.jpg,0.24172734,0.22105919
./data/test\melanoma\ISIC_0014284.jpg,0.24113509,0.21970023
./data/test\nevus\ISIC_0016034.jpg,0.24096388,0.21917138
./data/test\seborrheic_keratosis\ISIC_0013977.jpg,0.24111147,0.21884833
./data/test\nevus\ISIC_0015149.jpg,0.24134086,0.22056073
./data/test\nevus\ISIC_0013738.jpg,0.2411136,0.2198681
./data/test\melanoma\ISIC_0014160.jpg,0.24165156,0.22075976
./data/test\nevus\ISIC_0016022.jpg,0.2415447,0.2204801
./data/test\nevus\ISIC_0015466.jpg,0.24166304,0.22089043
./data/test\nevus\ISIC_0014943.jpg,0.24149573,0.2207011
./data/test\melanoma\ISIC_0014546.jpg,0.24150713,0.22054441
./data/test\melanoma\ISIC_0012425.jpg,0.241473,0.22028378
./data/test\nevus\ISIC_0016027.jpg,0.24173695,0.22114688
./data/test\nevus\ISIC_0015989.jpg,0.24100314,0.21936424
./data/test\nevus\ISIC_0015254.jpg,0.2412862,0.21997805
./data/test\nevus\ISIC_0016046.jpg,0.24123679,0.21996605
./data/test\melanoma\ISIC_0012758.jpg,0.24024794,0.21716315
./data/test\nevus\ISIC_0013159.jpg,0.24071468,0.21813552
./data/test\nevus\ISIC_0015638.jpg,0.2420576,0.22081402
./data/test\nevus\ISIC_0012904.jpg,0.23964801,0.21555422
./data/test\nevus\ISIC_0015331.jpg,0.24147865,0.22066143
./data/test\seborrheic_keratosis\ISIC_0012537.jpg,0.24098197,0.21913591
./data/test\melanoma\ISIC_0013588.jpg,0.2415835,0.22087795
./data/test\nevus\ISIC_0015140.jpg,0.23862644,0.21295926
./data/test\nevus\ISIC_0015161.jpg,0.24090998,0.21850967
./data/test\nevus\ISIC_0016033.jpg,0.24064486,0.21773052
./data/test\seborrheic_keratosis\ISIC_0014503.jpg,0.24108794,0.21970269
./data/test\nevus\ISIC_0015155.jpg,0.24107979,0.21928608
./data/test\nevus\ISIC_0014944.jpg,0.24146335,0.22080117
./data/test\seborrheic_keratosis\ISIC_0012852.jpg,0.2412686,0.21952914
./data/test\nevus\ISIC_0012149.jpg,0.2406936,0.21818131
./data/test\melanoma\ISIC_0014727.jpg,0.24109218,0.219383
./data/test\nevus\ISIC_0015997.jpg,0.24124156,0.21987545
./data/test\nevus\ISIC_0015244.jpg,0.24143355,0.22067896
./data/test\seborrheic_keratosis\ISIC_0014600.jpg,0.24119188,0.21978295
./data/test\seborrheic_keratosis\ISIC_0014574.jpg,0.24141338,0.2201048
./data/test\nevus\ISIC_0013809.jpg,0.24123062,0.21992508
./data/test\seborrheic_keratosis\ISIC_0014627.jpg,0.24134505,0.21992531
./data/test\nevus\ISIC_0014977.jpg,0.24163277,0.22097202
./data/test\nevus\ISIC_0015996.jpg,0.24104582,0.21930185
./data/test\nevus\ISIC_0016049.jpg,0.24076585,0.21890277
./data/test\nevus\ISIC_0015951.jpg,0.2414987,0.22071828
./data/test\nevus\ISIC_0014814.jpg,0.24076949,0.21860602
./data/test\nevus\ISIC_0014792.jpg,0.24156637,0.22086728
./data/test\melanoma\ISIC_0015251.jpg,0.2415983,0.22090521
./data/test\nevus\ISIC_0015978.jpg,0.24007452,0.21633087
./data/test\nevus\ISIC_0016051.jpg,0.24093562,0.21917608
./data/test\nevus\ISIC_0013966.jpg,0.24174987,0.2209134
./data/test\melanoma\ISIC_0015136.jpg,0.24134445,0.22022182
./data/test\nevus\ISIC_0016025.jpg,0.24136989,0.22025178
./data/test\melanoma\ISIC_0014349.jpg,0.24153271,0.22091046
./data/test\melanoma\ISIC_0015133.jpg,0.24111369,0.21942574
./data/test\seborrheic_keratosis\ISIC_0012447.jpg,0.24079666,0.2190106
./data/test\seborrheic_keratosis\ISIC_0014251.jpg,0.24150805,0.22047757
./data/test\seborrheic_keratosis\ISIC_0012372.jpg,0.24057049,0.21812102
./data/test\seborrheic_keratosis\ISIC_0014643.jpg,0.24133559,0.21989532
./data/test\melanoma\ISIC_0014932.jpg,0.24090219,0.21868567
./data/test\nevus\ISIC_0015943.jpg,0.24161245,0.2206309
./data/test\nevus\ISIC_0016038.jpg,0.2408396,0.21888515
./data/test\nevus\ISIC_0015966.jpg,0.23955756,0.21553956
./data/test\nevus\ISIC_0015991.jpg,0.24085557,0.21890777
./data/test\nevus\ISIC_0014822.jpg,0.2443293,0.17953616
./data/test\nevus\ISIC_0013216.jpg,0.2403492,0.21680146
./data/test\nevus\ISIC_0013325.jpg,0.24148469,0.22056653
./data/test\melanoma\ISIC_0013925.jpg,0.24100304,0.21914501
./data/test\seborrheic_keratosis\ISIC_0012974.jpg,0.24071923,0.218536
./data/test\nevus\ISIC_0015957.jpg,0.24077359,0.21859676
./data/test\nevus\ISIC_0015293.jpg,0.2403067,0.217605
./data/test\nevus\ISIC_0015020.jpg,0.24066667,0.2182005
./data/test\nevus\ISIC_0015625.jpg,0.24113655,0.21975084
./data/test\melanoma\ISIC_0014489.jpg,0.24005151,0.2164192
./data/test\melanoma\ISIC_0012369.jpg,0.24149922,0.220568
./data/test\nevus\ISIC_0015386.jpg,0.24007127,0.21662425
./data/test\nevus\ISIC_0014947.jpg,0.23738706,0.21122828
./data/test\seborrheic_keratosis\ISIC_0013673.jpg,0.24097791,0.21863215
./data/test\nevus\ISIC_0013226.jpg,0.24140082,0.21999466
./data/test\nevus\ISIC_0015176.jpg,0.24152806,0.22067899
./data/test\nevus\ISIC_0014998.jpg,0.24155901,0.22077422
./data/test\nevus\ISIC_0015948.jpg,0.24051058,0.21785776
./data/test\nevus\ISIC_0016056.jpg,0.2418192,0.22123902
./data/test\melanoma\ISIC_0015206.jpg,0.24114344,0.21994981
./data/test\seborrheic_keratosis\ISIC_0014649.jpg,0.24105,0.2191895
./data/test\nevus\ISIC_0016035.jpg,0.2411107,0.21948123
./data/test\nevus\ISIC_0016013.jpg,0.24161592,0.22063178
./data/test\nevus\ISIC_0014725.jpg,0.24054158,0.2181276
./data/test\seborrheic_keratosis\ISIC_0012388.jpg,0.24100018,0.21938336
./data/test\nevus\ISIC_0014470.jpg,0.24108285,0.21975908
./data/test\nevus\ISIC_0015416.jpg,0.24010693,0.21708958
./data/test\nevus\ISIC_0015972.jpg,0.24111865,0.21881104
./data/test\seborrheic_keratosis\ISIC_0012240.jpg,0.24152282,0.22056036
./data/test\nevus\ISIC_0015984.jpg,0.24033467,0.21720165
./data/test\nevus\ISIC_0015969.jpg,0.24085261,0.21864086
./data/test\nevus\ISIC_0012941.jpg,0.23828842,0.21126443
./data/test\nevus\ISIC_0016070.jpg,0.24134277,0.22003694
./data/test\nevus\ISIC_0015021.jpg,0.24173164,0.22118868
./data/test\nevus\ISIC_0015968.jpg,0.24187273,0.22132282
./data/test\nevus\ISIC_0015617.jpg,0.24152663,0.22077774
./data/test\seborrheic_keratosis\ISIC_0012414.jpg,0.24100643,0.21927513
./data/test\seborrheic_keratosis\ISIC_0012199.jpg,0.24120072,0.21991149
./data/test\nevus\ISIC_0015023.jpg,0.24046968,0.21756186
./data/test\nevus\ISIC_0014964.jpg,0.2400789,0.21632767
./data/test\nevus\ISIC_0012837.jpg,0.24102108,0.21978664
./data/test\melanoma\ISIC_0013814.jpg,0.24155727,0.22056897
./data/test\melanoma\ISIC_0014862.jpg,0.24015878,0.21711324
./data/test\nevus\ISIC_0015179.jpg,0.2408855,0.21892664
./data/test\melanoma\ISIC_0014027.jpg,0.24126717,0.21969506
./data/test\nevus\ISIC_0015447.jpg,0.24170172,0.22096455
./data/test\nevus\ISIC_0015390.jpg,0.23958904,0.2157456
./data/test\melanoma\ISIC_0014319.jpg,0.24090005,0.21906294
./data/test\nevus\ISIC_0014833.jpg,0.24154715,0.22073463
./data/test\nevus\ISIC_0015955.jpg,0.2406823,0.21846712
./data/test\seborrheic_keratosis\ISIC_0014500.jpg,0.24132483,0.22033031
./data/test\seborrheic_keratosis\ISIC_0013281.jpg,0.24068542,0.21841322
./data/test\nevus\ISIC_0015975.jpg,0.2407943,0.21868853
./data/test\nevus\ISIC_0015537.jpg,0.24205363,0.22040968
./data/test\nevus\ISIC_0014942.jpg,0.24052206,0.21767995
./data/test\nevus\ISIC_0015223.jpg,0.24134642,0.22021222
./data/test\seborrheic_keratosis\ISIC_0012387.jpg,0.24063186,0.21804115
./data/test\nevus\ISIC_0015212.jpg,0.24152946,0.2207633
./data/test\melanoma\ISIC_0014542.jpg,0.24126108,0.2200349
./data/test\nevus\ISIC_0015207.jpg,0.24159615,0.22083764
./data/test\melanoma\ISIC_0013842.jpg,0.24024862,0.21743251
./data/test\nevus\ISIC_0015976.jpg,0.24058504,0.21829897
./data/test\melanoma\ISIC_0013739.jpg,0.24040702,0.2173869
./data/test\seborrheic_keratosis\ISIC_0012248.jpg,0.24135332,0.2200884
./data/test\nevus\ISIC_0016063.jpg,0.24058561,0.21816888
./data/test\nevus\ISIC_0016071.jpg,0.2409489,0.21888892
./data/test\nevus\ISIC_0015245.jpg,0.24174398,0.22120553
./data/test\seborrheic_keratosis\ISIC_0014409.jpg,0.24124363,0.21967316
./data/test\nevus\ISIC_0014941.jpg,0.23801729,0.21171594
./data/test\melanoma\ISIC_0013696.jpg,0.24079682,0.21875654
./data/test\nevus\ISIC_0016053.jpg,0.24168551,0.2207818
./data/test\seborrheic_keratosis\ISIC_0014629.jpg,0.24139734,0.22018877
./data/test\nevus\ISIC_0013600.jpg,0.23971935,0.21598196
./data/test\nevus\ISIC_0016054.jpg,0.24129574,0.21980591
./data/test\nevus\ISIC_0016068.jpg,0.24091238,0.21881953
./data/test\nevus\ISIC_0013045.jpg,0.24063757,0.21816164
./data/test\nevus\ISIC_0014921.jpg,0.24033378,0.21751009
./data/test\melanoma\ISIC_0015132.jpg,0.2416715,0.22109549
./data/test\seborrheic_keratosis\ISIC_0014392.jpg,0.24060464,0.21795833
./data/test\nevus\ISIC_0016069.jpg,0.241424,0.220331
./data/test\seborrheic_keratosis\ISIC_0012358.jpg,0.2408418,0.21879964
./data/test\nevus\ISIC_0014938.jpg,0.23763615,0.21213883
./data/test\seborrheic_keratosis\ISIC_0012428.jpg,0.24103132,0.21929398
./data/test\nevus\ISIC_0014786.jpg,0.24607988,0.20016767
./data/test\nevus\ISIC_0014936.jpg,0.23995143,0.2164
./data/test\seborrheic_keratosis\ISIC_0013169.jpg,0.24083954,0.21920674
./data/test\nevus\ISIC_0014863.jpg,0.24158908,0.22083758
./data/test\nevus\ISIC_0014968.jpg,0.24075156,0.21880266
./data/test\nevus\ISIC_0015034.jpg,0.24299634,0.1923489
./data/test\melanoma\ISIC_0014454.jpg,0.24064934,0.21871835
./data/test\melanoma\ISIC_0013617.jpg,0.24071257,0.2184223
./data/test\nevus\ISIC_0015645.jpg,0.24129593,0.22010864
./data/test\nevus\ISIC_0014940.jpg,0.24062149,0.21836676
./data/test\nevus\ISIC_0015217.jpg,0.24025552,0.21724711
./data/test\nevus\ISIC_0016009.jpg,0.24091463,0.21891744
./data/test\nevus\ISIC_0014949.jpg,0.24146643,0.2207297
./data/test\nevus\ISIC_0012708.jpg,0.24153374,0.22033645
./data/test\nevus\ISIC_0015418.jpg,0.2401503,0.21694443
./data/test\melanoma\ISIC_0015180.jpg,0.24177118,0.22113581
./data/test\nevus\ISIC_0014090.jpg,0.24111304,0.21946914
./data/test\nevus\ISIC_0015064.jpg,0.2413912,0.22033969
./data/test\nevus\ISIC_0014876.jpg,0.2414022,0.2203028
./data/test\melanoma\ISIC_0013948.jpg,0.24107592,0.21952869
./data/test\nevus\ISIC_0015130.jpg,0.2391968,0.21365698
./data/test\seborrheic_keratosis\ISIC_0012215.jpg,0.24101347,0.21906522
./data/test\melanoma\ISIC_0014695.jpg,0.24081476,0.21866414
./data/test\nevus\ISIC_0016017.jpg,0.24094845,0.21907821
./data/test\nevus\ISIC_0016019.jpg,0.24126105,0.21982412
./data/test\nevus\ISIC_0015312.jpg,0.24018003,0.2168775
./data/test\melanoma\ISIC_0013411.jpg,0.24191858,0.22138733
./data/test\nevus\ISIC_0015174.jpg,0.24089709,0.2190556
./data/test\nevus\ISIC_0015311.jpg,0.23987181,0.21538462
./data/test\nevus\ISIC_0012152.jpg,0.24084073,0.21876712
./data/test\nevus\ISIC_0015018.jpg,0.24161144,0.21912293
./data/test\nevus\ISIC_0014958.jpg,0.2399232,0.21649626
./data/test\nevus\ISIC_0015971.jpg,0.24059206,0.21813838
./data/test\seborrheic_keratosis\ISIC_0012134.jpg,0.24097864,0.21889065
./data/test\nevus\ISIC_0013891.jpg,0.24162202,0.22095676
./data/test\melanoma\ISIC_0014772.jpg,0.24148534,0.22062224
./data/test\nevus\ISIC_0016001.jpg,0.24120963,0.21981424
./data/test\nevus\ISIC_0012092.jpg,0.2413096,0.21994306
./data/test\nevus\ISIC_0015614.jpg,0.24062666,0.20367332
./data/test\nevus\ISIC_0016024.jpg,0.24100608,0.21912882
./data/test\nevus\ISIC_0016059.jpg,0.24099942,0.2192837
./data/test\melanoma\ISIC_0013636.jpg,0.24081784,0.2189744
./data/test\melanoma\ISIC_0015167.jpg,0.24125226,0.2193932
./data/test\nevus\ISIC_0013291.jpg,0.24116379,0.21971758
./data/test\nevus\ISIC_0015967.jpg,0.24058393,0.21824785
./data/test\nevus\ISIC_0013416.jpg,0.24126281,0.21978034
./data/test\melanoma\ISIC_0013457.jpg,0.24086227,0.21903451
./data/test\nevus\ISIC_0016060.jpg,0.24155238,0.22069715
./data/test\nevus\ISIC_0015353.jpg,0.24004209,0.21698111
./data/test\melanoma\ISIC_0015163.jpg,0.24078271,0.21818346
./data/test\seborrheic_keratosis\ISIC_0012272.jpg,0.241314,0.22024307
./data/test\nevus\ISIC_0016018.jpg,0.24159507,0.22065428
./data/test\seborrheic_keratosis\ISIC_0012178.jpg,0.24088407,0.21862915
./data/test\nevus\ISIC_0013070.jpg,0.24029896,0.21729784
./data/test\nevus\ISIC_0014974.jpg,0.24018449,0.2172084
./data/test\nevus\ISIC_0016007.jpg,0.24163337,0.22081234
./data/test\nevus\ISIC_0015035.jpg,0.2406105,0.2180286
./data/test\nevus\ISIC_0015440.jpg,0.24149758,0.22084157
./data/test\nevus\ISIC_0015102.jpg,0.23941031,0.21494319
./data/test\nevus\ISIC_0015274.jpg,0.24157496,0.2209183
./data/test\nevus\ISIC_0015298.jpg,0.23993267,0.21627936
./data/test\seborrheic_keratosis\ISIC_0012705.jpg,0.24131528,0.22008559
./data/test\nevus\ISIC_0015013.jpg,0.24158594,0.22087735
./data/test\nevus\ISIC_0016006.jpg,0.24052328,0.21803702
./data/test\nevus\ISIC_0015964.jpg,0.24126638,0.21970169
./data/test\nevus\ISIC_0016044.jpg,0.2410415,0.21930206
./data/test\seborrheic_keratosis\ISIC_0012432.jpg,0.2414009,0.22030586
./data/test\melanoma\ISIC_0013473.jpg,0.24119054,0.2201806
./data/test\nevus\ISIC_0015330.jpg,0.23962456,0.21530455
./data/test\nevus\ISIC_0015208.jpg,0.2414738,0.22074394
./data/test\seborrheic_keratosis\ISIC_0012375.jpg,0.24032584,0.21738942
./data/test\nevus\ISIC_0015089.jpg,0.23931932,0.21393184
./data/test\nevus\ISIC_0015526.jpg,0.24084017,0.2184701
./data/test\nevus\ISIC_0014956.jpg,0.24078092,0.21873988
./data/test\melanoma\ISIC_0014963.jpg,0.24139346,0.20001653
./data/test\melanoma\ISIC_0012395.jpg,0.24105003,0.21922857
./data/test\nevus\ISIC_0016072.jpg,0.24163239,0.22093351
./data/test\nevus\ISIC_0012493.jpg,0.24093111,0.21898568
./data/test\nevus\ISIC_0015152.jpg,0.24027774,0.21726836
./data/test\nevus\ISIC_0015173.jpg,0.24093033,0.21890321
./data/test\melanoma\ISIC_0014663.jpg,0.24161987,0.22097598
./data/test\seborrheic_keratosis\ISIC_0013708.jpg,0.24127717,0.21978492
./data/test\nevus\ISIC_0016000.jpg,0.2410793,0.2188527
./data/test\nevus\ISIC_0014755.jpg,0.23982702,0.21847521
./data/test\nevus\ISIC_0015593.jpg,0.24042483,0.21762921
./data/test\seborrheic_keratosis\ISIC_0014653.jpg,0.24113052,0.21971783
./data/test\seborrheic_keratosis\ISIC_0014626.jpg,0.24137238,0.22017863
./data/test\nevus\ISIC_0015139.jpg,0.23717137,0.21177648
./data/test\nevus\ISIC_0015203.jpg,0.24150266,0.2206928
./data/test\seborrheic_keratosis\ISIC_0014006.jpg,0.24158491,0.22040038
./data/test\nevus\ISIC_0014749.jpg,0.24045466,0.2177686
./data/test\melanoma\ISIC_0013813.jpg,0.24182053,0.22113518
./data/test\melanoma\ISIC_0014703.jpg,0.2416738,0.22092655
./data/test\nevus\ISIC_0015241.jpg,0.24151203,0.22063182
./data/test\nevus\ISIC_0015031.jpg,0.24073385,0.20413905
./data/test\melanoma\ISIC_0013321.jpg,0.24158111,0.22032471
./data/test\nevus\ISIC_0015482.jpg,0.24160554,0.22085187
./data/test\melanoma\ISIC_0013988.jpg,0.24129076,0.22018294
./data/test\melanoma\ISIC_0014800.jpg,0.24155894,0.22081783
./data/test\melanoma\ISIC_0013867.jpg,0.2411255,0.21964863
./data/test\melanoma\ISIC_0014270.jpg,0.2402262,0.2173787
./data/test\melanoma\ISIC_0013953.jpg,0.24049944,0.21758913
./data/test\nevus\ISIC_0015965.jpg,0.24070539,0.21838963
./data/test\nevus\ISIC_0014901.jpg,0.24148753,0.22046463
./data/test\nevus\ISIC_0013269.jpg,0.24173899,0.22097003
./data/test\nevus\ISIC_0012357.jpg,0.24109428,0.21971262
./data/test\melanoma\ISIC_0015046.jpg,0.23963912,0.21571304
./data/test\nevus\ISIC_0015631.jpg,0.23993969,0.21642014
./data/test\nevus\ISIC_0012722.jpg,0.24151433,0.22071365
./data/test\melanoma\ISIC_0013615.jpg,0.24159223,0.2207515
./data/test\seborrheic_keratosis\ISIC_0012364.jpg,0.24121846,0.21977259
./data/test\nevus\ISIC_0015582.jpg,0.24041393,0.2182428
./data/test\seborrheic_keratosis\ISIC_0012136.jpg,0.2406792,0.21766026
./data/test\nevus\ISIC_0015937.jpg,0.23966059,0.21589142
./data/test\nevus\ISIC_0014844.jpg,0.24168453,0.22105846
./data/test\nevus\ISIC_0015566.jpg,0.2415069,0.21995969
./data/test\nevus\ISIC_0015941.jpg,0.24069118,0.21852449
./data/test\nevus\ISIC_0015201.jpg,0.24200413,0.20316508
./data/test\nevus\ISIC_0015026.jpg,0.24134932,0.21265738
./data/test\nevus\ISIC_0014820.jpg,0.2403,0.21750349
./data/test\melanoma\ISIC_0014982.jpg,0.2404342,0.2177631
./data/test\seborrheic_keratosis\ISIC_0014587.jpg,0.24083969,0.21907341
./data/test\nevus\ISIC_0014675.jpg,0.24152625,0.220814
./data/test\nevus\ISIC_0015232.jpg,0.2411376,0.2197596
./data/test\nevus\ISIC_0015607.jpg,0.24195388,0.22137986
./data/test\nevus\ISIC_0014957.jpg,0.24001642,0.21661481
./data/test\nevus\ISIC_0013176.jpg,0.24110205,0.21966368
./data/test\nevus\ISIC_0014743.jpg,0.24146192,0.22056474
./data/test\nevus\ISIC_0012803.jpg,0.23909754,0.21549866
./data/test\melanoma\ISIC_0014103.jpg,0.2410418,0.21922591
./data/test\nevus\ISIC_0015309.jpg,0.2415675,0.21926525
./data/test\nevus\ISIC_0014854.jpg,0.24535786,0.17731585
./data/test\melanoma\ISIC_0014784.jpg,0.24139917,0.220422
./data/test\nevus\ISIC_0015952.jpg,0.24177764,0.22115141
./data/test\melanoma\ISIC_0014912.jpg,0.24154973,0.22080244
./data/test\melanoma\ISIC_0014766.jpg,0.24102382,0.21558744
./data/test\nevus\ISIC_0015986.jpg,0.24045129,0.21781641
./data/test\nevus\ISIC_0012147.jpg,0.24108224,0.21959493
./data/test\nevus\ISIC_0015184.jpg,0.24025615,0.21729015
./data/test\melanoma\ISIC_0014255.jpg,0.24075235,0.21862142
./data/test\nevus\ISIC_0015291.jpg,0.24137904,0.22054034
./data/test\nevus\ISIC_0015030.jpg,0.24154332,0.22090341
./data/test\seborrheic_keratosis\ISIC_0014457.jpg,0.24084619,0.21893217
./data/test\nevus\ISIC_0015998.jpg,0.24175031,0.2210489
./data/test\melanoma\ISIC_0013987.jpg,0.24127986,0.22013539
./data/test\nevus\ISIC_0015942.jpg,0.24067527,0.21824221
./data/test\nevus\ISIC_0015363.jpg,0.24154732,0.2208954
./data/test\nevus\ISIC_0015129.jpg,0.24060227,0.21824315
./data/test\nevus\ISIC_0016050.jpg,0.24153519,0.22059844
./data/test\seborrheic_keratosis\ISIC_0013030.jpg,0.24143715,0.22055927
./data/test\melanoma\ISIC_0014186.jpg,0.24078682,0.21875086
./data/test\seborrheic_keratosis\ISIC_0014177.jpg,0.24155653,0.22085871
./data/test\nevus\ISIC_0012656.jpg,0.24020696,0.2171976
./data/test\melanoma\ISIC_0013733.jpg,0.24078609,0.21880789
./data/test\nevus\ISIC_0014753.jpg,0.24152605,0.22071074
./data/test\nevus\ISIC_0016016.jpg,0.24168813,0.22096005
./data/test\seborrheic_keratosis\ISIC_0012086.jpg,0.24151088,0.22039144
./data/test\nevus\ISIC_0013399.jpg,0.24086733,0.21878597
./data/test\nevus\ISIC_0015007.jpg,0.24165413,0.22103742
./data/test\seborrheic_keratosis\ISIC_0012757.jpg,0.24086864,0.21893077
./data/test\seborrheic_keratosis\ISIC_0012786.jpg,0.24034601,0.21716283
./data/test\nevus\ISIC_0015057.jpg,0.24161246,0.22085044
./data/test\nevus\ISIC_0015175.jpg,0.2405201,0.21816051
./data/test\nevus\ISIC_0015979.jpg,0.24084073,0.21876712
./data/test\nevus\ISIC_0013230.jpg,0.24093749,0.21934575
./data/test\nevus\ISIC_0014728.jpg,0.239145,0.21435586
./data/test\melanoma\ISIC_0015050.jpg,0.24177663,0.22117068
./data/test\nevus\ISIC_0016004.jpg,0.24142997,0.2203682
./data/test\nevus\ISIC_0015987.jpg,0.24041845,0.2177647
./data/test\melanoma\ISIC_0015229.jpg,0.24161161,0.21565779
./data/test\melanoma\ISIC_0014541.jpg,0.24110946,0.21959327
./data/test\seborrheic_keratosis\ISIC_0012448.jpg,0.24108918,0.21857451
./data/test\nevus\ISIC_0014698.jpg,0.24072659,0.20571648
./data/test\melanoma\ISIC_0014826.jpg,0.23855036,0.21246983
./data/test\seborrheic_keratosis\ISIC_0013035.jpg,0.24069227,0.21854496
./data/test\nevus\ISIC_0016048.jpg,0.24084288,0.21883845
./data/test\nevus\ISIC_0015264.jpg,0.24046856,0.21779376
./data/test\nevus\ISIC_0015950.jpg,0.24142087,0.2203526
./data/test\nevus\ISIC_0016031.jpg,0.24089336,0.21878849
./data/test\melanoma\ISIC_0014506.jpg,0.24130501,0.22013639
./data/test\nevus\ISIC_0015146.jpg,0.23536971,0.2062438
./data/test\melanoma\ISIC_0013242.jpg,0.2394516,0.21752553
./data/test\nevus\ISIC_0015481.jpg,0.24176218,0.22108524
./data/test\nevus\ISIC_0014796.jpg,0.24163097,0.22079417
./data/test\seborrheic_keratosis\ISIC_0013319.jpg,0.24086833,0.21889469
